[{"id":"user-image-VideoCapture_20221130-114125.jpg","fileName":"VideoCapture_20221130-114125.jpg","name":"VideoCapture_20221130-114125","publicUrl":"//images02.nicepagecdn.com/710ff37d18af44d73dbb1e36/a98b2e7e069c571faff12638/VideoCapture_20221130-114125.jpg","size":82227,"hash":"a6n6dCrtGavMFxewe0PeiEEwNqM=","width":608,"height":1080,"thumbnail":{"url":"//images02.nicepagecdn.com/thumbs/710ff37d18af44d73dbb1e36/a98b2e7e069c571faff12638/VideoCapture_20221130-114125_150.jpg","width":84,"height":150},"usages":["3446253"]},{"id":"user-image-25657.png","fileName":"25657.png","name":"25657","publicUrl":"https://assets.nicepagecdn.com/cb34e758/3446252/images/25657.png","size":2406,"hash":"dThmvDM/mQSqrWNVXsp9RNSBAh4=","width":128,"height":128,"thumbnail":{"url":"https://assets.nicepagecdn.com/cb34e758/3446252/images/25657.png","width":128,"height":128},"usages":[]},{"id":"user-image-2111432.png","fileName":"2111432.png","name":"2111432","publicUrl":"https://assets.nicepagecdn.com/cb34e758/3446252/images/2111432.png","size":2970,"hash":"LBFzBPsjr9xoVXejhAFM9gtJ2ZY=","width":128,"height":128,"thumbnail":{"url":"https://assets.nicepagecdn.com/cb34e758/3446252/images/2111432.png","width":128,"height":128},"usages":["3446253"]},{"id":"user-image-646094.png","fileName":"646094.png","name":"646094","publicUrl":"https://assets.nicepagecdn.com/cb34e758/3446252/images/646094.png","size":2920,"hash":"D4R2eI+UniH8DFN5GIjVyvdbvvY=","width":128,"height":128,"thumbnail":{"url":"https://assets.nicepagecdn.com/cb34e758/3446252/images/646094.png","width":128,"height":128},"usages":["3446253"]}]